[{"model": "blog.blog", "pk": 1, "fields": {"author": 1, "title": "jhasdjkashdjka", "content": "skadsajdkjsajdsadlksajndsads\r\ndsa;ldjksajd;klsad\r\n\r\n\r\nsadl;sajkdl;ksal;dkl;sad\r\nsald;sdk'ksa;das\r\ndsal'kdlsakd\r\nasdkl'sakd'l", "date_added": "2021-03-05T10:37:43.810Z"}}, {"model": "blog.blog", "pk": 2, "fields": {"author": 1, "title": "jhasdjkashdjka", "content": "skadsajdkjsajdsadlksajndsads\r\ndsa;ldjksajd;klsad\r\n\r\n\r\nsadl;sajkdl;ksal;dkl;sad\r\nsald;sdk'ksa;das\r\ndsal'kdlsakd\r\nasdkl'sakd'l", "date_added": "2021-03-05T10:41:37.384Z"}}, {"model": "blog.blog", "pk": 3, "fields": {"author": 1, "title": "Test", "content": "testing", "date_added": "2021-03-05T10:43:59.765Z"}}, {"model": "blog.blog", "pk": 4, "fields": {"author": 2, "title": "sckjaskcas", "content": "kjckjdkljad\r\nasdjskal;jdklsajd\r\nsadlpjsadljsadl;sa;d\r\nasj\r\ndl;sajdl;sajd\r\nsapd[\r\nsadlsja\r\ndsap[jdlsajd\r\nsa\r\ndsal[oj", "date_added": "2021-03-05T10:50:56.726Z"}}, {"model": "blog.blog", "pk": 5, "fields": {"author": 2, "title": "akdjkasjdk", "content": "kajskjdaskl;dsa\r\ndlsakdl;sak;ldk;a", "date_added": "2021-03-05T11:05:50.392Z"}}, {"model": "blog.blog", "pk": 6, "fields": {"author": 2, "title": "mnmn,mn,", "content": "jkajklfas'da\r\nasdl;skdsa\r\ndk;ksd;as\r\nk;dksa\r\nd;ksadkak';\r\n;k;dksa;", "date_added": "2021-03-05T11:12:34.591Z"}}, {"model": "blog.blog", "pk": 7, "fields": {"author": 1, "title": "Test", "content": "Test", "date_added": "2021-03-05T11:18:55.726Z"}}, {"model": "blog.blog", "pk": 8, "fields": {"author": 2, "title": "kkjxaskd", "content": "dasdsadasddlkjdksajkdljaskld", "date_added": "2021-03-05T11:34:21.669Z"}}, {"model": "blog.blog", "pk": 9, "fields": {"author": 2, "title": "belly fat", "content": "i managed to burn all my bulley fat", "date_added": "2021-03-05T22:13:20.081Z"}}, {"model": "blog.blog", "pk": 10, "fields": {"author": 1, "title": "Good One", "content": "ghasdjasdhklsajd\r\nsadasdsad\r\nsa\r\nd\r\nsad\r\nsa\r\nd\r\nas\r\nd\r\nsad\r\ns\r\nad\r\nsa\r\nd\r\nsa\r\nd\r\ns\r\nd\r\nsad\r\nas\r\nd\r\nas\r\nd\r\nas\r\nd\r\nsad\r\nsa\r\nd\r\nsa\r\nd\r\nsa\r\nd\r\nsad\r\nsa\r\ndl;sajdhkjhasjkdhsakjhakjc  cm s cjsakbckj askcjbis cjkasb couv dihcv sdiybchn hcvsdhbcjhvgcfhvujklxtfrgujasmkxlc,vjascj[pasphlfckhjkasl:Cmlkjasvjbck'l\\sa\r\n\\p'cvolh;'\\\r\nsa]]cp]jouiusak[]\r\nc][\\ashiu;c'p[\r\n]as[]co'['\\sa\r\nc][;'ask[]\r\n[cpo;lsavbnmcl'; hjasm;l\r\n;]p'vj; ;l,'.\r\n/c]m'asj;j cnmsa\r\n[]\\ch'uosak\r\n]hsoau;h\\d\r\nl]sa[Pouiy;cdbnPK{as\r\nc]\\ho'iusanjpk[\r\n]]c[ohu;vsabnmklc\r\nSov;ivcbnkl\r\nsaHc;hbnas'\\l\r\nc\\jash;vbnlmcl\\;\r\n;asj''ckas]l\r\nc][iou;sanopk[l\r\n]]po;vobnkl\r\n]{H/;bnkl\r\n][oj;anckl\r\n]]saplcvbnskcl\r\n]ps;h;avbcnkl\r\n]]][p;hvbnkl\r\n]as]][ov;bcnkl\r\n]lasdvh;cbnpkas]\r\nC}HPo'sanm]p  ,.as  a.\r\nc[p'o;aso\\\r\nc]asp'o;c'\\\r\n]puolgas .b/nl]", "date_added": "2021-03-05T23:58:41.502Z"}}, {"model": "products.category", "pk": 1, "fields": {"name": "climbers", "friendly_name": "Climbers"}}, {"model": "products.category", "pk": 2, "fields": {"name": "kettle_bells", "friendly_name": "Kettle Bells"}}, {"model": "products.category", "pk": 4, "fields": {"name": "weigh_benches", "friendly_name": "Weigh Benches"}}, {"model": "products.category", "pk": 5, "fields": {"name": "exercise_plans", "friendly_name": "Exercise Plans"}}, {"model": "products.category", "pk": 6, "fields": {"name": "nutrients_plans", "friendly_name": "Nutrients Plans"}}, {"model": "products.category", "pk": 7, "fields": {"name": "muscle_nutrients", "friendly_name": "Muscle nutrients"}}, {"model": "products.category", "pk": 8, "fields": {"name": "trade_mills", "friendly_name": "Trade Mills"}}, {"model": "products.category", "pk": 9, "fields": {"name": "exercise_bikes", "friendly_name": "Exercise Bikes"}}, {"model": "products.category", "pk": 10, "fields": {"name": "weights", "friendly_name": "Weights"}}, {"model": "products.category", "pk": 11, "fields": {"name": "gym_balls", "friendly_name": "Gym Balls"}}, {"model": "products.category", "pk": 12, "fields": {"name": "sand_bag", "friendly_name": "Sand bag"}}, {"model": "products.category", "pk": 13, "fields": {"name": "battle_ropes", "friendly_name": "Battle Ropes"}}, {"model": "products.category", "pk": 14, "fields": {"name": "cross_trainers", "friendly_name": "Cross trainers"}}, {"model": "products.category", "pk": 15, "fields": {"name": "dumb_bells", "friendly_name": "Dumb Bells"}}, {"model": "products.category", "pk": 16, "fields": {"name": "Fat_loss", "friendly_name": "Fat loss"}}, {"model": "products.product", "pk": 1, "fields": {"category": 6, "sku": "", "name": "back spring strecher", "description": "a very good way to enlarge your bicep and make it strong", "has_sizes": false, "price": "53.99", "rating": "4.60", "image_url": "", "image": ""}}, {"model": "products.product", "pk": 2, "fields": {"category": 8, "sku": "pp5001600425", "name": "Technogym Excite Run 700 Treadmill", "description": "Technogym Excite Run Treadmills add a new level of style and sophistication to any fitness area or facility and offers a unique running experience that feels as natural as running outdoors.", "has_sizes": false, "price": "858.99", "rating": "4.60", "image_url": null, "image": "BH Fitness Pioneer R7 Treadmill (Touchscreen Console).jpg"}}, {"model": "products.product", "pk": 3, "fields": {"category": 9, "sku": "pp5001730010", "name": "HIT FITNESS G6 Indoor Cycling Bike", "description": "The G6 Indoor Cycle by Hit Fitness is a great value home grade exercise bike. The G6 is of very solid construction, and feels remarkably smooth and stable, with an excellent range of resistance. The Bike has a very sturdy and robust frame giving you a long-lasting product life and the ability to support users with a weight of up to 125kg (20st). The G6 can also track your workout and fitness journey via the display console which provides you real-time data on your time, calories burned and speed. For extra peace of mind this bike also comes with 1 year home warranty.", "has_sizes": false, "price": "469.99", "rating": "4.70", "image_url": null, "image": "HIT_FITNESS_G7_Indoor_Cycling_Bike.jpg"}}, {"model": "products.product", "pk": 4, "fields": {"category": 8, "sku": "pp5001890157", "name": "Hit Fitness Air Runner Curved Treadmill", "description": "The Hit Fitness Air Runner Curved Treadmill redefines the manual treadmill, offering superior steel construction, dependable stability, and functionality in a streamlined, energy-efficient design. Air runners burn up to 30% more calories than motorized treadmills. It encourages a natural running feel and promotes more efficient running strides than regular treadmills.\r\n\r\nAir treadmills are much easier on the environment than regular treadmills, as they run solely on your energy with zero electrical consumption. You’ll be playing your part for a better planet while improving your own health and fitness. With the Hit Fitness Air Runner, you will experience a complete running routine right from the comfort of your home. With a constant feeling like you’re running on air, you can rest assured your new running routine will rival any cardio routine.", "has_sizes": false, "price": "2995.00", "rating": "3.00", "image_url": null, "image": "hit fitness air runner curved trademilll.jpg"}}, {"model": "products.product", "pk": 5, "fields": {"category": 9, "sku": "pp5002111605", "name": "NordicTrack S10i Indoor Bike", "description": "iFit Coach Ready is with iFit interactive technology, you can bike anywhere in the world. Choose from pre-mapped courses or create your own. Tapping into Google Maps, this NordicTrack indoor cycle is iFit Coach Ready and automatically simulates every hill and dip. Plus, you can track your progress automatically, compete with friends, and customise your workout to match your goals. iFit can be purchased on a yearly subscription for an additional cost.", "has_sizes": false, "price": "732.99", "rating": "5.00", "image_url": null, "image": "NordicTrack_S10i_Indoor_Bike.jpg"}}, {"model": "products.product", "pk": 6, "fields": {"category": 2, "sku": null, "name": "Hit Fitness Cast Iron Kettlebell  10kg", "description": "erdxsjgcg fs fg t rtgcghgfhgv hh hj fkufkktukdtkdtk td kgg h jh y ftyfv h    \r\n iyyfyf\r\nuyguyfg yulyf8 yfy fi uu iyvf ff\r\nuyfyufguiogpiy\r\nyfy fy", "has_sizes": true, "price": "75.00", "rating": "3.00", "image_url": null, "image": "Hit_Fitness_Cast_Iron_Kettlebell__10kg.jpg"}}, {"model": "products.product", "pk": 9, "fields": {"category": 10, "sku": null, "name": "Olympic Competition Bumper Plate  20kg", "description": "These HIT Fitness weight plates have been meticulously designed in order to accommodate competitive Olympic weightlifting standards as well as high quality and accurate training regimens. The main advantages that are associated with these plates include effective bounce reduction, thinner plate widths which allow more plates to be loaded on to a barbell, and their weight tolerance must be within +/- 1% of their assigned weight. Additionally, the attractive and bold features of these plates will enhance your gym's appearance and make lifters stand out on the platform.", "has_sizes": true, "price": "230.00", "rating": "2.00", "image_url": null, "image": "Olympic_Competition_Bumper_Plate__20kg.jpg"}}, {"model": "products.product", "pk": 10, "fields": {"category": 8, "sku": null, "name": "Precor TRM731 Treadmill", "description": "The TRM731 is a line treadmill that combines essential reliability and ease-of-use with an intuitive console at a value just right for you. This treadmill is designed to optimize performance and maintenance while providing a comfortable and effective workout for your exercisers. The simple, clean design holds up under heavy commercial use, ensuring your investment will last into the future.", "has_sizes": false, "price": "6300.00", "rating": "4.00", "image_url": null, "image": "Precor_TRM731_Treadmill.jpg"}}, {"model": "products.product", "pk": 11, "fields": {"category": 8, "sku": null, "name": "Assault AirRunner", "description": "The Assault AirRunner is a premier elite fitness running machine that packs an intense workout into a small package. The name says it all - it's like running on air, but with a powerful amount of punch.", "has_sizes": false, "price": "3999.00", "rating": "4.00", "image_url": null, "image": "Assault_AirRunner.jpg"}}, {"model": "products.product", "pk": 12, "fields": {"category": 9, "sku": null, "name": "HIT FITNESS Destroyer Air Bike", "description": "The Destroyer Dual-Action Air Bike is a stationary bike that offers an intense full-body workout with a twist. This exercise bike will help you strengthen your lower body and arms simultaneously while working up a huge sweat. This all-in-one cross trainer will push your strength and endurance to its limits, allowing you to sculpt your dream body as you please. This cross-trainer bike comes with a user-friendly LCD tracker that allows you to experience different workouts depending on your taste or mood. You can choose to track your time, distance, speed, heart rate, and various other modes, ensuring you’re always engaged with new challenges. The Air Bike is ergonomically designed with your comfort and safety in mind. Its adjustable seat and handlebars are carefully designed to prevent you from experiencing back stiffness, strains, and muscle aches. With the Dual-Action Destroyer Air Bike, you will experience a complete cardio routine right from the comfort of your home. With easy-to-follow assembly instructions, you can rest assured your new home routine will rival any gym workout.", "has_sizes": false, "price": "1299.00", "rating": "5.00", "image_url": null, "image": "HIT_FITNESS_Destroyer_Air_Bike.jpg"}}, {"model": "products.product", "pk": 13, "fields": {"category": 9, "sku": null, "name": "Sole Fitness LCR Recumbent Exercise Bike", "description": "The Sole Light Commercial recumbent cycle (LCR) is the perfect piece of exercise equipment for almost every need. Built to be durable using quality materials, the Sole LCR has set a new standard for indoor recumbent exercise cycles.\r\n\r\nAt Sole, designers have engineered a light commercial recumbent cycle that holds up under consistent use and provides support and comfort to all users. Stable and durable, the Sole LCR boasts 40 levels of resistance to challenge any user regardless of their fitness level. The supportive back and adjustable seat, stationary handlebars, and seat-mounted side handlebars with heart rate grips are perfect for the needs of multiple users. The LCR is ideal for use in light commercial settings or smaller spaces as it is compact and easy to set up.\r\n\r\nThe Sole LCR is an ideal workout for any workout level and a comfortable and versatile method toward achieving fitness. The LCR is equipped with Bluetooth technology allowing users to record workout feedback from their cycle to an Android or Apple smart device, and track fitness info on the free Sole Fitness App, or transfer it to compatible fitness apps. Sole Fitness App, or transfer it to other compatible fitness apps.\r\n\r\nSole’s LCR is the perfect recumbent bike for people looking to stay in shape without the risk of pain. The LCR is top rated because it provides incredible value and is the most functional recumbent bike on the market. Whether you run a physical therapy office or a simple fitness studio, this bike is the perfect addition", "has_sizes": false, "price": "1579.00", "rating": "5.00", "image_url": null, "image": "Sole_Fitness_LCR_Recumbent_Exercise_Bike.jpg"}}, {"model": "products.product", "pk": 14, "fields": {"category": 1, "sku": null, "name": "Sole Fitness CC81 Cardio Climber", "description": "Sole Fitness CC81 Cardio Climber is a full-body vertical workout that targets all major muscle groups: Arms, ABS, shoulders, back, glutes, hips, and legs in a single fluid motion.\r\nCombining elements of both elliptical and climber products, it is easier on the joints and very effective at toning the entire body. All in one effective workout!", "has_sizes": true, "price": "2349.00", "rating": "3.00", "image_url": null, "image": "Sole_Fitness_CC81_Cardio_Climber.jpg"}}, {"model": "products.product", "pk": 15, "fields": {"category": 1, "sku": null, "name": "Versaclimber CL-108SM Sport Model", "description": "The 108 SM has been refined and improved for a new generation of health & fitness enthusiasts. Like the interactive \"smart\" module w/voice feedback, sleek curves and a space efficient 3 point base. Every time you train on the SM you can choose to hear a clear voice feedback during your work out--its like having your personal trainer with you every step of the way. Its great for instruction, motivational training commands and overall VersaClimber training tips. Also choose a variety of virtual opponents to challenge or select famous towers, structures and mountains. The SM features the classic, calorie guzzling, versatile 1-20 inch step height combined with the 1-20 inch upper body arm movement. The SM offers a wider range of cardio & strength versatility. From its ability to apply long muscle toning leg strides to explosive sprint training movements, and every type of cardio training in between to meet your specific training requirements.", "has_sizes": true, "price": "1379.00", "rating": "2.00", "image_url": null, "image": "Versaclimber_CL-108SM_Sport_Model.jpg"}}, {"model": "products.product", "pk": 16, "fields": {"category": 1, "sku": null, "name": "Hit Fitness Aerobic Step", "description": "The Hit Fitness Aerobic Step is a versatile piece of equipment the step is compact, light and easily portable. With 3 different height adjustments the step allows you to perform a wide variety of workouts. Suitable for aerobic stepping, leg balance exercises, plank and assisted plank, press-ups, sit-ups, plyometric training and much much more - the Hit Fitness Step is the perfect tool to get in shape.", "has_sizes": true, "price": "65.00", "rating": "4.00", "image_url": null, "image": "HIT_FITNESS_Aerobic_Step.jpg"}}, {"model": "products.product", "pk": 17, "fields": {"category": 1, "sku": null, "name": "The Reebok Step", "description": "Variety in training is key to progress and with the Reebok Aerobic Step, no two workouts are ever the same. This is the ideal platform for group classes to perform a large range of basic and more complex exercises from cardiovascular and plyometric training to lower body muscle toning; its versatility is ideal for mixing up any workout programme. Suitable for all abilities and fitness levels, the modern red and black Reebok Step can be combined with mat work exercises, or used with hand, wrist or ankle weights for an even higher calorie burn. Popular in gym class settings, the step is often incorporated into choreographed routines to upbeat music.", "has_sizes": true, "price": "134.00", "rating": "3.00", "image_url": null, "image": "The_Reebok_Step.jpg"}}, {"model": "products.product", "pk": 18, "fields": {"category": 14, "sku": null, "name": "Sole E25 Elliptical Cross Trainer", "description": "The SOLE E25's fluid natural motion is ensured by a whisper-quiet drive system that functions in both forward and reverse motion. The E25 is engineered for an extremely smooth feel, even with increased resistance for when you want a more challenging workout. Oversized foot pedals situated at a 2 ° inward angle sustain your body's natural position and reduce the impact on the joints and muscles", "has_sizes": true, "price": "1199.00", "rating": "3.00", "image_url": null, "image": "Sole_E25_Elliptical_Cross_Trainer.jpg"}}, {"model": "products.product", "pk": 19, "fields": {"category": 14, "sku": null, "name": "Endura-Fitness®-Infinity-X-Trainer-PRO", "description": "The robust Endura Fitness® Infinity X-Trainer PRO has everything you need for your most challenging training session yet. The trainer has a 20 inch stride length, 10.6 inch step-up height an 9.8 inch pedal spacing. This makes the Endura Fitness® Infinity X-Trainer PRO one of the most well-designed crosstrainers on the market when it comes to ergonomics.\r\n\r\nThe Infinity X-Trainer PRO is a high-end commercial product designed to go above and beyond the demands of a fully working health club or gym. Due to the robust construction, this crosstrainer can support a maximum user weight of 182KG. Powered by an electromagnetic braking system and a brushless hybrid generator, the Infinity X-Trainer PRO delivers 30 challenging resistance levels. This machine has a 15.6″ Android Touchscreen display with WiFi, MP3 and TV connectivity, this will keep your clients entertained while training and have them coming back for more", "has_sizes": true, "price": "6739.00", "rating": "4.00", "image_url": null, "image": "Endura-Fitness-Infinity-X-Trainer-PRO.webp"}}, {"model": "products.product", "pk": 20, "fields": {"category": 14, "sku": null, "name": "Sole Fitness E35 Cross Trainer", "description": "The E35 is engineered for an extremely smooth feel, even with increased resistance for when you want a more challenging workout. Fluid natural motion is ensured by four wheels gliding along dual rails and functions in both forward and reverse.\r\nWarranty: Home Use, up to 2hrs use per day in a suitable home environment.\r\nMulti-grip position handlebars enable users to find the most comfortable and ergonomic positions to grasp the handles, while oversized foot pedals situated at a 2° inward angle, and 3-position articulating foot beds sustain your body's natural position and reduce impact on joints and muscles. The E35’s power incline feature offers additional resistance and variable positions, allowing you to individually target major lower body muscle groups while the articulating handles provide upper body exercise for a total body workout", "has_sizes": true, "price": "1550.00", "rating": "3.00", "image_url": null, "image": "enduarnce.jpg"}}, {"model": "products.product", "pk": 21, "fields": {"category": 14, "sku": null, "name": "BH Fitness I.Cross 3000 Hiit Elliptical Cross Trainer", "description": "The i.Cross 3000 HIIT Elliptical Cross Trainer is the answer for those who want to lose weight or build muscle by doing HIIT (high-intensity interval training), as well as standard cardio sessions.\r\nThis trainer has a fan to keep you cool while training from regular to very high intensity while will in no time give you the results that you require along with a regular eating plan. The most important step that you take after training is your next meal to yield the results.", "has_sizes": true, "price": "2099.00", "rating": "4.00", "image_url": null, "image": "BH_Fitness_I.Cross_3000_Hiit_Elliptical_Cross_Trainer.jpg"}}, {"model": "products.product", "pk": 22, "fields": {"category": 10, "sku": null, "name": "Hit Fitness Olympic Competition Bumper Plate  5kg", "description": "The York 135KG Olympic Weight Set is a perfect choice for any home gym. This complete Olympic set uses the new York G2 Steel Olympic Plates which feature an innovative interlocking design, as well as easy to grab handles and edges that make the plate much easier to pickup.\r\nYork have been manufacturing bars for 80+ years and this is perfect for Olympic bench press, shoulder press, deadlifts, lunges and overhead presses. Solid steel, finished in an attractive chromed finish this bar will be the pride of your home gym.", "has_sizes": true, "price": "439.00", "rating": "3.00", "image_url": null, "image": "YORK-G2-Cast-Iron-Olympic-Plate-2-260-p.webp"}}, {"model": "products.product", "pk": 23, "fields": {"category": 10, "sku": null, "name": "Endura Fitness Infinity Olympic Rubber Grip Plates", "description": "The Endura Fitness infinity Olympic rubber grip weight plates are an excellent choice of weight plate for standard lifting, where you don’t aim to drop the weights. They have a solid cast metal core and are coated with a high quality smooth, yet very thick and durable rubber. This helps to ensure that the metal core is protected and helps to protect floors and other weight plates from impacts. The tri-grip design places three cut-outs around the plate for easy carrying. Whilst the plate lugs help to reduce the chance of finger trapping and they lock together to stop plates from rotating against each other.\r\nAvailable in the following weight plates 1.25 kg, 2.5 kg, 5kg, 10kg, 15kg, 20kg and 25kg. These weight plates are perfect for powerlifting and general weight training. So stack up your bar today with Endura Fitness and start making those gains.", "has_sizes": true, "price": "43.00", "rating": "2.00", "image_url": null, "image": "Endura_Fitness_Infinity_Olympic_Rubber_Grip_Plates.webp"}}, {"model": "products.product", "pk": 24, "fields": {"category": 2, "sku": null, "name": "Hit Fitness Kettlebell with Chrome Handle | 28kg", "description": "HIT Fitness kettlebells are considered to be the best kettlebells in the fitness industry when it comes to constantly providing superior performance, durability, longevity, comfort, and secure grip.\r\nAll our HIT Fitness kettlebells come with a smooth, imperfection free surface finish which reduces any friction between the athlete and the kettlebell. This makes performing kettlebell exercises more comfortable and fluid. HIT Fitness kettlebells are designed with athletes in mind. The polished chrome handles have been manufactured to provide optimal grip to athletes whilst also complementing the HIT Fitness kettlebell colours and design. Our HIT Fitness kettlebells with the chrome handle finish are available in weight increments between 4 - 28kg.", "has_sizes": true, "price": "128.00", "rating": "3.00", "image_url": null, "image": "Hit_Fitness_Kettlebell_with_Chrome_Handle__28kg_oqFdBR2.jpg"}}, {"model": "products.product", "pk": 25, "fields": {"category": 2, "sku": null, "name": "Hit Fitness Steel Competition Kettlebell  32kg", "description": "HIT FITNESS competition kettlebells are made from steel with a large unpainted handle attached to the top of the ball. Kettlebells can be used to perform many types of exercises. Ballistic style training, which combines cardiovascular training, strength training and flexibility training, primarily utilise kettlebells for a variety of exercises. HIT FITNESS competition kettlebells meet international competitive standards of kettlebell lifting and come in one size for all weights.", "has_sizes": true, "price": "149.00", "rating": "3.00", "image_url": null, "image": "Hit_Fitness_Steel_Competition_Kettlebell__28kg_gKzmjOi.jpg"}}, {"model": "products.product", "pk": 26, "fields": {"category": 2, "sku": null, "name": "Hit Fitness Steel Competition Kettlebell  8kg", "description": "HIT FITNESS competition kettlebells are made from steel with a large unpainted handle attached to the top of the ball. Kettlebells can be used to perform many types of exercises. Ballistic style training, which combines cardiovascular training, strength training and flexibility training, primarily utilise kettlebells for a variety of exercises. HIT FITNESS competition kettlebells meet international competitive standards of kettlebell lifting and come in one size for all weights", "has_sizes": true, "price": "125.00", "rating": "3.00", "image_url": null, "image": "Hit_Fitness_Steel_Competition_Kettlebell__8kg.jpg"}}, {"model": "products.product", "pk": 27, "fields": {"category": 15, "sku": null, "name": "Hit Fitness Adjustable Dumbbells  25kg Pair", "description": "The Adjustable Dumbbells by Hit Fitness are essentially 10 dumbbells of varying weights merged into one. Simply just hold the button and twist the dial to select your desired weight. These dumbbells are a must for those of you who want a selection of dumbbells but lack the necessary storage space and more importantly, time", "has_sizes": true, "price": "549.00", "rating": "4.00", "image_url": null, "image": "Hit_Fitness_Adjustable_Dumbbells__25kg_Pair.jpg"}}, {"model": "products.product", "pk": 28, "fields": {"category": 15, "sku": null, "name": "Hit Fitness Adjustable Dumbbells  40kg Pair", "description": "The Adjustable Dumbbell by HIT FITNESS is essentially 12 dumbbells of varying weights merged into one. Simply just hold the button and twist the dial to select your desired weight. These dumbbells are a must for those of you who want a selection of dumbbells but lack the necessary storage space and more importantly, time.", "has_sizes": true, "price": "774.00", "rating": "3.00", "image_url": null, "image": "Hit_Fitness_Adjustable_Dumbbells__40kg_Pair.jpg"}}, {"model": "products.product", "pk": 29, "fields": {"category": 15, "sku": null, "name": "Hit Fitness Rubber Studio Dumbbell | 1kg", "description": "HIT Fitness has created a line of beautifully crafted studio dumbbells that are aimed at improving the functionality of exercise classes. HIT Fitness studio dumbbells have been engineered and designed with studio classes and high-intensity interval training workouts in mind.", "has_sizes": true, "price": "14.00", "rating": "2.00", "image_url": null, "image": "Hit_Fitness_Rubber_Studio_Dumbbell__1kg.jpg"}}, {"model": "products.product", "pk": 30, "fields": {"category": 15, "sku": null, "name": "Jordan Ignite V2 Urethane Dumbbells 17.5kg-25kg", "description": "Great-value rubber dumbbells featuring our classic design, this versatile dumbbell suits commercial, boutique gyms as well as home users.", "has_sizes": true, "price": "285.00", "rating": "3.00", "image_url": null, "image": "Jordan_Ignite_V2_Urethane_Dumbbells_17.5kg-25kg.jpg"}}, {"model": "products.product", "pk": 31, "fields": {"category": 2, "sku": null, "name": "HIT FITNESS Spring Collars 50mm | Pair", "description": "These 2\" stainless steel spring collars are an essential accompaniment to our bumper plates and barbells for any Olympic lifting or strength and conditioning program. They slide onto barbells easily allowing for fast transition between plate changes. They are secure and will keep plates firmly in place during lifts.", "has_sizes": true, "price": "5.00", "rating": "2.00", "image_url": null, "image": "HIT_FITNESS_Spring_Collars_50mm.jpg"}}, {"model": "products.product", "pk": 32, "fields": {"category": 2, "sku": null, "name": "HIT FITNESS Hex Bar 1.6m", "description": "High grade electroplated hex bar suitable for performing deadlifts. An alternative to the traditional barbell, the hex bar offers additional lumbar support to other barbells, allowing users to lift heavier weight more comfortably. The bar is suitable for use on its own or with plates.", "has_sizes": true, "price": "137.00", "rating": "3.00", "image_url": null, "image": "HIT_FITNESS_Hex_Bar_1.6m.png"}}, {"model": "products.product", "pk": 33, "fields": {"category": 13, "sku": null, "name": "Hit Fitness Battle Ropes", "description": "Hit Fitness Battle Ropes help build both stamina and strength simultaneously and was voted the best cardio workout by Men's Health Magazine. You can use this exercise as a main workout or for a finisher to top off your workout. Also called slam ropes, these ropes combine high-intensity work with strength and help you work multiple muscle groups at once.\r\nThese ropes are made of highly durable material to withstand the punishment of your workouts.", "has_sizes": false, "price": "133.00", "rating": "4.00", "image_url": null, "image": "Hit_Fitness_Battle_Rope.jpg"}}, {"model": "products.product", "pk": 34, "fields": {"category": 13, "sku": null, "name": "Hit Fitness Battle Rope | 15m X 40mm", "description": "The HIT FITNESS multi-functional new design battle rope can be used for a large variety of strength and conditioning training purposes. Battle ropes are brilliant for high intensity upper and lower body conditioning and cardiovascular exercise routines.", "has_sizes": false, "price": "187.00", "rating": "3.00", "image_url": null, "image": "Tunturi_Battle_Rope.webp"}}, {"model": "products.product", "pk": 35, "fields": {"category": 12, "sku": null, "name": "Tunturi Strength Bag", "description": "Increase your strength, stability and stamina. Four sturdy handles and is suitable for different strength exercises. Solid fitness bag with different handles for training your arms, legs, shoulders and back. Durable material: can be used both indoor and outdoor. Combination of a kettlebell, medicine ball and weight bar. Weight is easy to adjust by removing sandbags 56 cm long", "has_sizes": true, "price": "55.00", "rating": "3.00", "image_url": null, "image": "Tunturi-Strengthbags.webp"}}, {"model": "products.product", "pk": 36, "fields": {"category": 12, "sku": null, "name": "Sand bag weights", "description": "Sandbag weights are also known as powerbags, and they are an excellent piece of fitness equipment. No matter if you’re working out at the gym or outside, these durable, heavy duty sandbags have been designed for high intensity workouts. We have power bag style sandbag weights that have multiple handles, allowing them to be used for a wide variety of exercises. They can be carried and lifted, you can squat them, drag them, pass them, there’s so many training options. You can build strength, muscle and power from anywhere. Our power bags start at 5 KG and go up to 25 KG making them ideal for anyone from beginners all the way to highly conditioned athletes. Sandbag weights are perfect for core strength and abdominal conditioning. These durable sandbags are suitable for a wide range of compound exercises, strength training and full body workouts. Transform your workout today", "has_sizes": true, "price": "132.00", "rating": "4.00", "image_url": null, "image": "sand_bag_weights.webp"}}, {"model": "products.product", "pk": 37, "fields": {"category": 8, "sku": null, "name": "Home trade mill", "description": "in the comfort of your home now you can jog all way you want till you are exhausted", "has_sizes": false, "price": "1133.00", "rating": "3.00", "image_url": null, "image": "home_trade_mill_image.webp"}}, {"model": "products.product", "pk": 38, "fields": {"category": 7, "sku": null, "name": "MuscleTech Platinum 100% Creatine", "description": "A MuscleTech Product\r\nUltra-Pure Micronized Creatine That Helps In Lean Muscle Growth!*\r\nPure creatine monohydrate powder\r\nReplenish creatine stores\r\nHPLC tested creatine\r\nLow cost per serving", "has_sizes": false, "price": "23.00", "rating": "2.00", "image_url": null, "image": "platinum-creatine_1_H5SzBnR.webp"}}, {"model": "products.product", "pk": 39, "fields": {"category": 7, "sku": null, "name": "Nitro Performance series", "description": "A MuscleTech Product\r\nUltra Pure Whey Protein Isolate Enhanced w/ Creatine & Aminos!\r\nWhey Isolate & peptides primary source\r\nAmplifies recovery, performance & strength*\r\n30g Protein per serving\r\nDelicious flavors & easy mixability!", "has_sizes": false, "price": "89.00", "rating": "4.00", "image_url": null, "image": "mt_performance_series_nitro_tech_toasted_s_mores_4lbs-sm_1.webp"}}, {"model": "products.product", "pk": 40, "fields": {"category": 7, "sku": null, "name": "Jnx Sports curse", "description": "A JNX Sports Product\r\nPre-Workout w/ Insane Energy, Extreme Focus, and Massive Pumps!*\r\nDelicious, easy to mix flavors\r\nExtreme Mental Focus Matrix\r\nBlood Flow Amplifier Matrix supports pumps\r\n50 servings per container", "has_sizes": false, "price": "124.00", "rating": "5.00", "image_url": null, "image": "the-curse-bottle-render-fruit-punch_2_1.webp"}}, {"model": "products.product", "pk": 41, "fields": {"category": 7, "sku": null, "name": "Ashat Untammed", "description": "A Primeval Labs Product\r\nHigh Energy PWO To Utterly Destroy Anything In Your Path!\r\n4.5 grams L-Citrulline and 3.2 grams Beta Alanine\r\n750mg AgmaMAX desiged to boost endurance\r\nYohimbe extract (8% yohimbine) to support fat burning\r\n40 servings per container", "has_sizes": false, "price": "67.00", "rating": null, "image_url": null, "image": "untamed-slemonade_1024x1024_2x_1.jpg"}}]